codec,language,sample,pesq,stoi,spk_sim
encodec,hindi,0,3.1642110347747803,0.9520804167781822,0.8927631378173828
encodec,hindi,1,3.2007057666778564,0.9537537108972826,0.9203609228134155
encodec,hindi,2,3.2662854194641113,0.9597467033315654,0.8988714218139648
encodec,hindi,3,3.2031564712524414,0.9536241330553528,0.8780850172042847
encodec,hindi,4,3.2403626441955566,0.95745175803075,0.8848972320556641
encodec,hindi,5,3.1442556381225586,0.9466284905376916,0.8896268606185913
encodec,hindi,6,3.253137588500977,0.9497884518074486,0.9119597673416138
encodec,hindi,7,3.1343886852264404,0.9521786918338844,0.9124704599380493
encodec,hindi,8,3.2461397647857666,0.9521033163771836,0.9098070859909058
encodec,hindi,9,3.0277156829833984,0.9541938372859604,0.8821355104446411
encodec,tamil,0,2.788266658782959,0.9110792114653335,0.8517675399780273
encodec,tamil,1,2.8989548683166504,0.9193479598713908,0.9351674318313599
encodec,tamil,2,2.951113224029541,0.9261413029415916,0.9338132739067078
encodec,tamil,3,2.737521171569824,0.8633637538245399,0.8783087730407715
encodec,tamil,4,2.7044622898101807,0.937806557097946,0.8656995296478271
encodec,tamil,5,3.035156488418579,0.9192741136352732,0.9325712323188782
encodec,tamil,6,2.6283774375915527,0.9359493943270248,0.9157660007476807
encodec,tamil,7,2.896517515182495,0.9209276643653688,0.9583306908607483
encodec,tamil,8,2.986833095550537,0.9363060734611552,0.8843035697937012
encodec,tamil,9,2.5238497257232666,0.9285231270453485,0.9237295985221863
encodec,telugu,0,2.1137125492095947,0.9363739713059888,0.9310612678527832
encodec,telugu,1,2.837456703186035,0.8789360793093814,0.958451509475708
encodec,telugu,2,2.6274404525756836,0.82708569527187,0.8939001560211182
encodec,telugu,3,3.0191259384155273,0.9155519504252856,0.9380256533622742
encodec,telugu,4,2.7572662830352783,0.913241630799366,0.9160598516464233
encodec,telugu,5,3.1271893978118896,0.898135698019736,0.8732194900512695
encodec,telugu,6,3.02238392829895,0.8559630780573404,0.9124472737312317
encodec,telugu,7,2.476491928100586,0.9120069218334768,0.9596689343452454
encodec,telugu,8,2.1912004947662354,0.8713303899628626,0.9374089241027832
encodec,telugu,9,3.02335524559021,0.8914947718713209,0.9293109178543091
encodec,bengali,0,2.9344754219055176,0.9462268149683298,0.926125168800354
encodec,bengali,1,2.3148491382598877,0.8263772529580472,0.8926743865013123
encodec,bengali,2,2.619842052459717,0.8816506819662389,0.8774961233139038
encodec,bengali,3,2.4364609718322754,0.8684752024362965,0.7963883280754089
encodec,bengali,4,2.5779712200164795,0.8367063211659866,0.8885776400566101
encodec,bengali,5,2.51476788520813,0.8220374848659656,0.8630656599998474
encodec,bengali,6,2.73453140258789,0.914640339261826,0.9369748830795288
encodec,bengali,7,2.195164680480957,0.9069009324720478,0.8187627792358398
encodec,bengali,8,2.4408769607543945,0.908455411875476,0.8624883890151978
encodec,bengali,9,2.5922691822052,0.8417661298626626,0.9100154638290405
encodec,kannada,0,2.3568074703216553,0.932978538174584,0.9282816052436829
encodec,kannada,1,3.0913443565368652,0.9535737423251855,0.9253789782524109
encodec,kannada,2,2.078352212905884,0.903157779398976,0.8964358568191528
encodec,kannada,3,3.0391154289245605,0.9350794901043205,0.9355207681655884
encodec,kannada,4,2.333355188369751,0.8954836060523206,0.9099785685539246
encodec,kannada,5,2.8386285305023193,0.9069881262988438,0.8776097297668457
encodec,kannada,6,2.513206243515014,0.8523037643898042,0.8229601383209229
encodec,kannada,7,3.218625783920288,0.945199193475792,0.9315096139907837
encodec,kannada,8,3.1984400749206543,0.9343488729815536,0.9349905848503113
encodec,kannada,9,2.580379009246826,0.8477816707105417,0.8683422803878784
dac,hindi,0,4.560442924499512,0.9970437014332324,0.9902551174163818
dac,hindi,1,4.548434734344482,0.996678087009796,0.9928801655769348
dac,hindi,2,4.5640950202941895,0.9969952519937751,0.9827045798301697
dac,hindi,3,4.561020851135254,0.9970433236045162,0.9164160490036011
dac,hindi,4,4.570226192474365,0.9971614012795456,0.9887293577194214
dac,hindi,5,4.524986743927002,0.9964656576478907,0.9905610084533691
dac,hindi,6,4.570815086364746,0.9964511413990764,0.9940050840377808
dac,hindi,7,4.558289527893066,0.9966226437509288,0.9923561811447144
dac,hindi,8,4.546610355377197,0.9963082095735312,0.9920927882194519
dac,hindi,9,4.535663604736328,0.9968938742537934,0.9887924194335938
dac,tamil,0,4.4056549072265625,0.9924190828057394,0.9886558055877686
dac,tamil,1,4.484390735626221,0.993211612478879,0.9928907155990601
dac,tamil,2,4.477031230926514,0.993987812840746,0.9918699860572815
dac,tamil,3,4.486224174499512,0.9817064705145772,0.9796764850616455
dac,tamil,4,4.440000057220459,0.9937123492013492,0.9892663955688477
dac,tamil,5,4.490468978881836,0.9932006157323444,0.9933243989944458
dac,tamil,6,4.448428153991699,0.9947935666111444,0.9877598285675049
dac,tamil,7,4.422657012939453,0.9921477598202556,0.9932016730308533
dac,tamil,8,4.525327205657959,0.9942738512818404,0.9891875982284546
dac,tamil,9,4.41742467880249,0.9942792069944671,0.9923075437545776
dac,telugu,0,4.377506256103516,0.9938837731594312,0.9873930215835571
dac,telugu,1,4.46980094909668,0.9887607435749024,0.9863517880439758
dac,telugu,2,4.413938999176025,0.9847346478639556,0.9854390025138855
dac,telugu,3,4.4776740074157715,0.9899206864952428,0.988206148147583
dac,telugu,4,4.518372535705566,0.9934604077851408,0.9875016212463379
dac,telugu,5,4.502852916717529,0.9918457902629152,0.9871446490287781
dac,telugu,6,4.51978063583374,0.9860249370160756,0.98949134349823
dac,telugu,7,4.43988037109375,0.9912022901828282,0.9926851987838745
dac,telugu,8,4.188388824462891,0.9831986573536744,0.9835809469223022
dac,telugu,9,4.496708869934082,0.9890510840708616,0.9883331656455994
dac,bengali,0,4.4708476066589355,0.9945462020215656,0.9909395575523376
dac,bengali,1,4.46372127532959,0.9817566480561792,0.982612133026123
dac,bengali,2,4.480746269226074,0.9923794253323012,0.9867817163467407
dac,bengali,3,4.469250202178955,0.990989690764114,0.9824106693267822
dac,bengali,4,4.4792985916137695,0.9844820351236736,0.9828531742095947
dac,bengali,5,4.479454040527344,0.9866007976200496,0.9803823828697205
dac,bengali,6,4.443974018096924,0.9923168919303956,0.987852931022644
dac,bengali,7,4.468013286590576,0.9903155309888408,0.982079803943634
dac,bengali,8,4.39624547958374,0.9912931915565124,0.9868155717849731
dac,bengali,9,4.424721717834473,0.9882427825921156,0.9826705455780029
dac,kannada,0,4.407924652099609,0.99407496240185,0.9895056486129761
dac,kannada,1,4.540211200714111,0.9957107810641794,0.9889388084411621
dac,kannada,2,4.327708721160889,0.9903961285008004,0.9908164739608765
dac,kannada,3,4.5465006828308105,0.993263277361742,0.9859095811843872
dac,kannada,4,4.298864364624023,0.983795638191534,0.9893445372581482
dac,kannada,5,4.4797210693359375,0.9933625144544456,0.9872250556945801
dac,kannada,6,4.413515090942383,0.9895901773425884,0.9853597283363342
dac,kannada,7,4.533153057098389,0.9957768114604664,0.990928590297699
dac,kannada,8,4.527429103851318,0.9937630043486426,0.9865622520446777
dac,kannada,9,4.465681552886963,0.9900717915501018,0.9864075779914856
snac,hindi,0,2.2728092670440674,0.9184589302733236,0.6902433037757874
snac,hindi,1,2.4810256958007812,0.9264180676730293,0.78287672996521
snac,hindi,2,2.456010580062866,0.9409766075394748,0.777645468711853
snac,hindi,3,2.383272647857666,0.9401396259510232,0.7073906064033508
snac,hindi,4,2.36687970161438,0.9361839658042632,0.7972427606582642
snac,hindi,5,2.56164026260376,0.930131329908138,0.7707791328430176
snac,hindi,6,2.3258838653564453,0.9241915956310078,0.7402596473693848
snac,hindi,7,2.238151788711548,0.9330403709114844,0.797855019569397
snac,hindi,8,2.4415907859802246,0.9304717837956192,0.758461594581604
snac,hindi,9,2.2097842693328857,0.9261746893284836,0.7322049140930176
snac,tamil,0,2.329787015914917,0.8576522249734227,0.787483274936676
snac,tamil,1,1.6989507675170898,0.8374569787322724,0.749468207359314
snac,tamil,2,2.034928560256958,0.8554910034258859,0.6987736821174622
snac,tamil,3,1.6671043634414673,0.7020964444137999,0.6210752725601196
snac,tamil,4,1.944143533706665,0.8800063306859862,0.8261052370071411
snac,tamil,5,2.0503151416778564,0.809197364671263,0.8085271716117859
snac,tamil,6,2.0049567222595215,0.8985583407919279,0.7177446484565735
snac,tamil,7,2.0479769706726074,0.8578382561019385,0.8730676174163818
snac,tamil,8,2.141939878463745,0.8934231503296772,0.6694166660308838
snac,tamil,9,2.03475570678711,0.8634074929316474,0.8080993890762329
snac,telugu,0,1.569735050201416,0.8780560556044683,0.708141565322876
snac,telugu,1,1.966151475906372,0.7515240160890058,0.797046959400177
snac,telugu,2,1.7987515926361084,0.6681587996395024,0.6460931897163391
snac,telugu,3,2.1743435859680176,0.8587831054929987,0.8604730367660522
snac,telugu,4,1.9210739135742188,0.8187323191323654,0.681500256061554
snac,telugu,5,2.225560188293457,0.8047846982304866,0.7944260239601135
snac,telugu,6,1.4874374866485596,0.6288510588133865,0.5857997536659241
snac,telugu,7,1.832199215888977,0.8374445925659446,0.8228422403335571
snac,telugu,8,1.2246060371398926,0.7725539520578535,0.6673780679702759
snac,telugu,9,1.6442911624908447,0.707619166710139,0.736968457698822
snac,bengali,0,2.2351765632629395,0.8893663319923304,0.759403645992279
snac,bengali,1,1.70787250995636,0.6959702776144073,0.6698100566864014
snac,bengali,2,1.663388967514038,0.8058548642065012,0.6988148093223572
snac,bengali,3,1.9648702144622805,0.7936160373093227,0.6614282131195068
snac,bengali,4,1.5374977588653564,0.6376633557789736,0.55712890625
snac,bengali,5,1.3213958740234375,0.683446082695659,0.6809409856796265
snac,bengali,6,1.716275930404663,0.8217615954479953,0.744748592376709
snac,bengali,7,1.0971561670303345,0.6354831855019998,0.15660136938095093
snac,bengali,8,1.6835534572601318,0.8294806288410728,0.6699819564819336
snac,bengali,9,1.5189560651779177,0.729380801405567,0.7188454866409302
snac,kannada,0,1.7037893533706665,0.8724988386486972,0.760171115398407
snac,kannada,1,1.8426940441131592,0.8918122098766295,0.7667704820632935
snac,kannada,2,1.7115737199783323,0.8406237188321698,0.7128793001174927
snac,kannada,3,1.6058107614517212,0.8284317849595091,0.7095046639442444
snac,kannada,4,1.8044672012329104,0.8481827372629733,0.7234911918640137
snac,kannada,5,1.9176145792007449,0.8392225444522692,0.7574170231819153
snac,kannada,6,1.8411333560943604,0.7750887802227535,0.7197479009628296
snac,kannada,7,2.2049050331115723,0.8831030119739187,0.774580717086792
snac,kannada,8,1.8254088163375857,0.8390139395959253,0.7188196182250977
snac,kannada,9,1.6323350667953491,0.745614803455633,0.6071529984474182
